{"E": [[3, 50], [3, 51], [3, 84], [3, 104], [3, 142], [3, 180], [3, 219], [3, 366], [3, 409], [10, 161], [11, 137], [11, 260], [11, 342], [12, 334], [13, 255], [21, 207], [34, 149], [34, 284], [35, 86], [50, 51], [50, 84], [50, 104], [50, 142], [50, 180], [50, 219], [50, 366], [50, 409], [51, 84], [51, 102], [51, 104], [51, 142], [51, 180], [51, 219], [51, 322], [51, 366], [51, 409], [52, 70], [56, 225], [56, 325], [61, 116], [68, 364], [69, 78], [69, 182], [69, 291], [70, 158], [78, 182], [78, 291], [84, 104], [84, 142], [84, 180], [84, 196], [84, 219], [84, 366], [84, 409], [92, 106], [92, 307], [102, 322], [104, 142], [104, 180], [104, 219], [104, 366], [104, 409], [106, 307], [107, 109], [107, 308], [107, 312], [109, 308], [115, 273], [118, 188], [118, 247], [120, 306], [137, 260], [137, 342], [141, 177], [142, 180], [142, 219], [142, 366], [142, 409], [149, 284], [152, 190], [152, 379], [168, 369], [170, 266], [180, 219], [180, 366], [180, 409], [182, 291], [188, 247], [190, 379], [219, 366], [219, 409], [225, 325], [232, 374], [237, 333], [260, 342], [271, 394], [277, 337], [302, 370], [308, 312], [320, 333], [333, 355], [366, 409]], "tmax": 604800.0, "N": 412, "P": [0.3528340818060445, 0.240373197625106, 0.2654968287526427, 0.2722943722943723, 0.2929386370644465, 0.2012037037037037, 0.24227234753550542, 0.2325646401118099, 0.22330768565747386, 0.21502533597708748, 0.2471590909090909, 0.2283457249070632, 0.22662199208041425, 0.19777516909832857, 0.25697674418604655, 0.936734693877551, 1.0, 1.0, 0.7236446688303882, 0.7582982924827651, 0.8983931723120813, 0.975818844578986, 0.7542893193582152, 0.636368487976017, 0.5796179416167795, 1.0, 1.0, 0.7747857800960201, 1.0, 0.5048057320512385, 0.7305735129942623, 0.7207494360815726, 0.5633903133903134, 0.4724074949854047, 0.42034322239977767, 0.3717117519934421, 0.43487223229199984, 0.2767816804141011, 0.23308414797776503, 0.1907795667786401, 0.21889187436301308, 0.2236828377673448, 0.2477505238506101, 0.2426470588235294, 0.20294117647058824, 0.2490089798559987, 0.2219870664315109, 0.22114108801415303, 0.27459119496855344, 0.24711270410195146, 0.24350180505415162, 0.29416927899686524, 0.21623376623376622, 0.2578125, 0.23696969696969697, 0.24542124542124538, 0.22552222552222548, 0.3206971677559913, 0.2556828514275323, 0.2926020408163265, 0.27208480565371024, 0.2985374950922654, 0.2721003134796239, 1.0, 0.8609349220898258, 1.0, 0.725, 0.6297557144404723, 0.9514927048260381, 0.7198808056931627, 0.6871682739029679, 0.6704991334197815, 0.6092638728182089, 1.0, 0.9397323433430138, 0.8466302340734987, 0.7963607990012485, 0.5680384615384616, 0.740029201567663, 0.643372121052747, 0.6022851267416485, 0.4034222384606016, 0.3461711149912696, 0.21657376439985135, 0.2394892840857273, 0.25851581508515814, 0.30076583894174985, 1.0, 0.546285574989335, 0.5813929436099946, 0.46130346232179226, 0.20732810175326002, 0.263915794911533, 0.30147662018047583, 0.3103146853146853, 0.46421189251550254, 0.31112691639007434, 0.21290598290598292, 0.28323063380281693, 0.2636713735558408, 0.17685512367491166, 0.30446096654275095, 0.1808058776259901, 0.2265272652726527, 0.2634758364312268, 0.252054252054252, 0.2570385818561001, 0.2580779220779221, 0.20750988142292492, 0.24197530864197533, 0.26788709445536013, 0.590171858216971, 1.0, 0.686338512425469, 0.8942721304052523, 0.9866772553843378, 0.8914945238949544, 0.750965250965251, 0.5811245930216886, 0.6866741210800618, 0.5926054224842462, 0.6307407110875709, 0.7204276598923026, 0.6469209101489365, 0.8271226579368949, 0.584524647887324, 0.6958984169064152, 0.5494028230184582, 0.5234778900989571, 0.4048901155715342, 0.3899178387411224, 0.39815028901734106, 0.2890315218941663, 0.2211741746625468, 0.35898095728255275, 0.2664797507788162, 0.27166258420085737, 0.2552548176751302, 0.2748466791353138, 0.19434628975265017, 0.2091806091806092, 0.24167832167832168, 0.2418794563958803, 0.26233856088560886, 0.244302797833935, 0.29112857944974735, 0.24734982332155475, 0.29277447607131685, 0.31555289181899915, 0.25226491721337085, 0.2793036750483559, 0.2706089478044739, 0.27654521230377105, 0.2790776919582008, 0.29991371872303707, 0.29899888765294774, 0.27693723164996936, 0.2776920438957476, 0.2517482517482518, 1.0, 1.0, 1.0, 0.8348232425843153, 0.8301350260722239, 0.4936445701317514, 0.9597347825819659, 0.6407629518574045, 0.6649260779381262, 0.6620073425259445, 0.9667554932211313, 1.0, 0.8210483430528783, 0.65704027453061, 0.767416712946118, 0.7310042289103691, 0.6487409147639674, 0.5130484046410443, 0.36956499120826525, 0.3005194162750433, 0.28657051882374973, 0.25648530762167127, 0.23532905678308386, 0.19910011248593926, 0.2076735137091666, 0.2501072501072501, 0.1982248520710059, 0.2761560161903594, 0.2415024630541872, 0.31614545454545456, 0.27810077519379844, 0.25243049633293535, 0.23193385590035434, 0.36900369003690037, 0.22489241972856666, 0.2578787878787879, 0.24422973698336017, 0.26028128894427627, 0.24182676103808562, 0.21863051790059088, 0.25092936802973975, 0.20985691573926868, 0.2408138475554206, 0.2942522161853017, 0.2154754374868227, 0.23703703703703702, 0.2064516129032258, 0.23938931297709923, 0.9145057203996698, 1.0, 0.7987042671502871, 1.0, 0.4909619048308934, 0.7600524521374247, 0.7671955451452732, 0.7647457813861086, 0.6693997807418235, 0.6255466795302842, 1.0, 0.9805507745266782, 0.5560147865210667, 0.6294263205520223, 0.8101102028659364, 0.5945061573831691, 0.48424126248216826, 0.5038851351351351, 0.4374356084538629, 0.37637015606536, 0.44055149094936896, 0.36741801505581034, 0.43589743589743596, 0.42275974688711987, 0.3798199693564862, 0.3064266046461892, 0.3751481087650008, 0.6231058276969325, 0.8920434503767837, 0.7886096097671896, 0.6292923912626204, 0.5209799305004369, 0.5623326592631924, 0.5504407476472812, 0.46484983654639334, 0.5962645043447045, 0.5355446143214996, 0.28482142857142856, 0.3592925583554936, 0.25210568824275986, 0.19557005494505494, 0.14183864915572234, 0.1763663967611336, 0.22212910899653981, 0.19651017864561698, 0.1870821831243556, 0.23289488228141927, 0.2186912819015999, 0.14558089807555238, 0.09681881051175659, 0.15705128205128205, 0.1694560669456067, 0.11124121779859486, 0.1423728813559322, 0.15341701534170152, 0.14522821576763487, 0.16658530632169882, 0.13484037279397185, 0.15481171548117154, 0.13274242903872535, 0.16433239962651727, 0.11494925839188135, 0.12446351931330471, 0.14191489361702128, 0.10185892538833716, 0.10956521739130434, 0.13141620284477426, 0.09417721518987342, 0.07688787185354691, 0.09094017094017094, 0.11894273127753305, 0.10300429184549355, 0.09130434782608694, 0.10176211453744492, 0.1339155749636099, 0.07977207977207977, 0.06938325991189427, 0.14157591287636132, 0.0695330870003359, 0.07740740740740741, 0.10508241758241758, 0.0851393188854489, 0.09654062751407883, 0.12720264317180616, 0.11478260869565218, 0.10822510822510824, 0.12987012987012986, 0.1037037037037037, 0.11206896551724138, 0.08620689655172413, 0.1406113537117904, 0.11587982832618025, 0.09932556713672593, 0.08116883116883117, 0.09530292716133423, 0.1027900146842878, 0.09113060428849902, 0.08370044052863436, 0.08444444444444445, 0.08444444444444445, 0.10977777777777778, 0.0858337065233617, 0.10555555555555556, 0.10634472129463139, 0.1411764705882353, 0.12042818911685996, 0.1013677811550152, 0.12631578947368421, 0.09204470742932282, 0.11504723346828609, 0.09932556713672593, 0.17217716781035558, 0.11579818031430936, 0.14832618025751074, 0.12648809523809523, 0.15854750031965223, 0.6051522248243559, 0.4462876254180603, 0.5646935933147632, 0.305097783463349, 0.16646927227266745, 0.20598457234890227, 0.17995570321151716, 0.19658119658119658, 0.17890466531440163, 0.181347637869377, 0.5070546737213404, 0.3387893035556862, 0.32350230414746545], "t_run_total": 604800.0,