{"t_run_total": 2016, "mean_link_duration": 6.383657488387179, "critical_density": 0.13231987534221748, "N": 412}