{"max_edge_events_to_end_simulation": 172911, "E": [], "t_equilibration": 4120000.0, "return_after_equilibration_only": true, "N": 412, "b0": 0.6944206026845534, "b1": 0.7187628848880325, "lambda": 0.6637682736560626}