{"E": [[3, 50], [3, 51], [3, 84], [3, 104], [3, 142], [3, 180], [3, 219], [3, 366], [3, 409], [10, 161], [11, 137], [11, 260], [11, 342], [12, 334], [13, 255], [21, 207], [34, 149], [34, 284], [35, 86], [50, 51], [50, 84], [50, 104], [50, 142], [50, 180], [50, 219], [50, 366], [50, 409], [51, 84], [51, 102], [51, 104], [51, 142], [51, 180], [51, 219], [51, 322], [51, 366], [51, 409], [52, 70], [56, 225], [56, 325], [61, 116], [68, 364], [69, 78], [69, 182], [69, 291], [70, 158], [78, 182], [78, 291], [84, 104], [84, 142], [84, 180], [84, 196], [84, 219], [84, 366], [84, 409], [92, 106], [92, 307], [102, 322], [104, 142], [104, 180], [104, 219], [104, 366], [104, 409], [106, 307], [107, 109], [107, 308], [107, 312], [109, 308], [115, 273], [118, 188], [118, 247], [120, 306], [137, 260], [137, 342], [141, 177], [142, 180], [142, 219], [142, 366], [142, 409], [149, 284], [152, 190], [152, 379], [168, 369], [170, 266], [180, 219], [180, 366], [180, 409], [182, 291], [188, 247], [190, 379], [219, 366], [219, 409], [225, 325], [232, 374], [237, 333], [260, 342], [271, 394], [277, 337], [302, 370], [308, 312], [320, 333], [333, 355], [366, 409]], "tmax": 604800.0, "N": 412, "P": [0.31120531843144816, 0.2125703460188332, 0.2309033140638101, 0.23736744782821995, 0.25559621179509256, 0.17602268124746862, 0.2097800925925926, 0.20177523403016934, 0.1936485088390086, 0.186280871855556, 0.21379423328964614, 0.19801740812379112, 0.19642527127280407, 0.17133669743430807, 0.2215909090909091, 0.8165806795943782, 1.0, 1.0, 0.7031001812643656, 0.7362223388011019, 0.870271459275113, 0.9465627418307295, 0.7332801793111907, 0.6171355201762723, 0.5567046244083633, 1.0, 1.0, 0.7544951786849113, 1.0, 0.49172687646042534, 0.7027601432517344, 0.6915279474311486, 0.5394162575013639, 0.44656683009772713, 0.3871794139683896, 0.3351790130093538, 0.3877477294765596, 0.24814429911560548, 0.2033716885202034, 0.16527626323782257, 0.18802826990115087, 0.194069300119483, 0.2145235655737705, 0.21072796934865903, 0.17624521072796936, 0.21528389777162285, 0.19259803321499983, 0.19148284313725492, 0.2376442412366645, 0.21531681587896456, 0.21197360150848527, 0.25583982202447164, 0.18849767915770405, 0.2238984674329502, 0.2060931899641577, 0.21323997453851057, 0.1959502468732259, 0.2782398306366249, 0.22308961665397312, 0.2550702721935599, 0.23750771128932757, 0.26059873877579, 0.23825208607817305, 0.9411599550778117, 0.8296060766649003, 1.0, 0.7046137046137048, 0.6112387750778207, 0.9165288273386739, 0.6959080533535584, 0.6621847468249565, 0.6428247552421668, 0.5798432544870904, 1.0, 0.910204450919484, 0.821265802977056, 0.7725197403478176, 0.5505890247539517, 0.7107745449714361, 0.6167373427294217, 0.5744728119896243, 0.3820364996230093, 0.31538041996182165, 0.1903455483702397, 0.2065114815979868, 0.22472504230118442, 0.2619451855445064, 1.0, 0.5074268635087402, 0.5362149178145744, 0.42559188275084553, 0.18852158966115454, 0.22863568215892058, 0.2623188750624569, 0.27124083129584353, 0.4069840948744532, 0.27687136065712115, 0.1880709701774254, 0.24734778597785978, 0.23036891926246053, 0.15438001233806292, 0.2640232108317215, 0.15768606956208325, 0.19663321232827957, 0.2284816247582205, 0.21900321709360543, 0.22344089920232052, 0.22445107075088103, 0.18055714777026255, 0.20994001713796062, 0.23253492183665148, 0.5144711092800495, 1.0, 0.643636690148318, 0.8394610447570875, 0.9324902346940757, 0.8536367890109386, 0.7207859997559569, 0.5571630905872474, 0.6520970326071963, 0.560698282643223, 0.5835096727436817, 0.6699658788865854, 0.6044931140678538, 0.7727899833402748, 0.5491717185083489, 0.6505472388353234, 0.514855514855515, 0.4876637269105198, 0.37457119015977997, 0.35582485284100734, 0.3557851239669421, 0.25795610774479355, 0.19332461477227497, 0.3111477896239461, 0.23430224277152656, 0.23724530723568105, 0.22281651265287433, 0.23925999409328075, 0.16964836520666254, 0.18047227774076544, 0.20862006519377038, 0.20975362272885817, 0.22771860986547085, 0.21267088309239474, 0.25307497071456464, 0.215916101172116, 0.25498528931023207, 0.2755750961764937, 0.2209785999671611, 0.2436993699369937, 0.23632515736922077, 0.24140128032685754, 0.24372098559695277, 0.2620337517966449, 0.26180458158017766, 0.24269409256239813, 0.24293836160988858, 0.2200488997555012, 1.0, 1.0, 1.0, 0.8205527598050963, 0.815613302620213, 0.4847562927567719, 0.9284572370651356, 0.6211526163823451, 0.6421576650300055, 0.6351674463322141, 0.9122829462836168, 1.0, 0.7963965490477926, 0.6369913489561313, 0.741631711662983, 0.7054637148066486, 0.623742667767825, 0.4875568534215422, 0.338312779308059, 0.2653649587210064, 0.2499264922081741, 0.22438568832029565, 0.20476298761705913, 0.1713124274099884, 0.17898086191568013, 0.21578207121178475, 0.17223228712725852, 0.23875421518101422, 0.2105251857259415, 0.27495256166982923, 0.24329593941620278, 0.22064523823722343, 0.20199753114128605, 0.32030749519538754, 0.1964878590516294, 0.22427788319628927, 0.2125075895567699, 0.22625974990714373, 0.21041672776327755, 0.19005317863185883, 0.21760154738878143, 0.18225121673397535, 0.2086219899328271, 0.2551703615533403, 0.18775030311937393, 0.20565552699228795, 0.17911932996102498, 0.20686015831134563, 0.7938214293027241, 1.0, 0.7697677425226122, 1.0, 0.47553509696097823, 0.7236913733774827, 0.7307886614088239, 0.728868388772686, 0.6381732511148273, 0.5938149346439906, 0.9588884917357918, 0.9435285128784935, 0.536337918968526, 0.6026974353667581, 0.767220790943453, 0.5649672600312797, 0.45736071813527357, 0.466892855078885, 0.4022494564267267, 0.340241427197949, 0.39268566440107255, 0.33005961865823047, 0.386855998543601, 0.3776595356707828, 0.34002194611770886, 0.2730453880638968, 0.3284811338823981, 0.5586358123752005, 0.8387175795765466, 0.7535300201295216, 0.6020925942420372, 0.4935389011772229, 0.5245503605651436, 0.5083037004472293, 0.4267140076620616, 0.5396866656090946, 0.4909879945516171, 0.26083401471790685, 0.31808194197396156, 0.2234288402151461, 0.1699256047103756, 0.12243708094451462, 0.15115371269951422, 0.19290906017579446, 0.16861142137408205, 0.16315981830522633, 0.19983055026903304, 0.1912382629669688, 0.12455027745594247, 0.08268367587999055, 0.1335392441860465, 0.14453961456102785, 0.09517130835503908, 0.12121212121212122, 0.13085891030216512, 0.12402551381998583, 0.14226455996998374, 0.11549697669678648, 0.13204853675945755, 0.1134989804940544, 0.14008277618592807, 0.09834368530020705, 0.10576221735959154, 0.12074583635047069, 0.08682816705739342, 0.09292035398230089, 0.11152513907840875, 0.08023005032350827, 0.06520726595249185, 0.07686528347685373, 0.10067114093959731, 0.087527352297593, 0.07743362831858407, 0.08612975391498881, 0.11349617567234148, 0.0678294573643411, 0.0587248322147651, 0.11949821563750408, 0.05893070659910039, 0.06542699724517907, 0.08875739644970414, 0.07210908137400578, 0.08165487207403375, 0.10766219239373602, 0.09734513274336283, 0.09184423218221896, 0.11021307861866275, 0.0881782945736434, 0.0951683748169839, 0.07320644216691069, 0.11917098445595857, 0.09846827133479212, 0.08440137542982182, 0.06888317413666421, 0.08060801473975128, 0.08699975142928164, 0.07718342413736173, 0.07084265473527218, 0.07137490608564989, 0.07137490608564989, 0.09278737791134486, 0.07284197724796676, 0.08921863260706236, 0.09012931597509471, 0.11972930765226444, 0.10252904989747096, 0.08624702596462193, 0.10712622263623661, 0.07826475849731664, 0.09743970739513087, 0.08440137542982182, 0.14592365443586766, 0.09846211552888222, 0.12603938730853392, 0.10795570006096322, 0.13506742478705097, 0.5177319174514127, 0.39867744891048873, 0.506559220389805, 0.2773002852796029, 0.14624953755086942, 0.17694088863646293, 0.15517570664629488, 0.16895791793472556, 0.15401988404852268, 0.15595157165517465, 0.43580415340306194, 0.3013881264214572, 0.2855515782622844], "t_run_total": 604800.0,