{"N": 327, "t_run_total": 18179, "mean_link_duration": 2.7809956492141947, "critical_density": 0.075489965946106}