{"N": 113, "t_run_total": 10618, "mean_link_duration": 2.1013081837541834, "critical_density": 0.016192454682120397}