{"t_run_total": 10618, "mean_link_duration": 2.7094017094017095, "critical_density": 0.016585914139148235, "N": 113}